{"cameraMode":{"drawMode":0,"name":"Shaded","section":"Shading Mode"},"sceneLighting":false,"audioPlay":false,"sceneViewState":{"showFog":true,"showMaterialUpdate":false,"showSkybox":false,"showFlares":true,"showImageEffects":true,"showParticleSystems":true},"in2DMode":false,"pivot":{"x":181.00535583496095,"y":-116.00511169433594,"z":1688.8616943359375},"rotation":{"x":-0.05852043628692627,"y":-0.012241819873452187,"z":0.0007240123813971877,"w":-0.9982109069824219},"size":2006.943115234375,"orthographic":false}