{"cameraMode":{"drawMode":0,"name":"Shaded","section":"Shading Mode"},"sceneLighting":true,"audioPlay":false,"sceneViewState":{"showFog":true,"showMaterialUpdate":false,"showSkybox":true,"showFlares":true,"showImageEffects":true,"showParticleSystems":true},"in2DMode":false,"pivot":{"x":39.5509033203125,"y":-20.970224380493165,"z":141.27577209472657},"rotation":{"x":-0.07166901230812073,"y":0.09235623478889466,"z":-0.006659575738012791,"w":-0.9931210875511169},"size":169.8588104248047,"orthographic":false}