{"cameraMode":{"drawMode":0,"name":"Shaded","section":"Shading Mode"},"sceneLighting":true,"audioPlay":false,"sceneViewState":{"showFog":true,"showMaterialUpdate":false,"showSkybox":true,"showFlares":true,"showImageEffects":true,"showParticleSystems":true},"in2DMode":false,"pivot":{"x":32.12477493286133,"y":6.295929431915283,"z":223.64056396484376},"rotation":{"x":-0.004554576240479946,"y":-0.034755196422338489,"z":0.00016477983444929123,"w":-0.9993855357170105},"size":266.7158508300781,"orthographic":false}