{"cameraMode":{"drawMode":0,"name":"Shaded","section":"Shading Mode"},"sceneLighting":true,"audioPlay":false,"sceneViewState":{"showFog":true,"showMaterialUpdate":false,"showSkybox":true,"showFlares":true,"showImageEffects":true,"showParticleSystems":true},"in2DMode":false,"pivot":{"x":0.1969800591468811,"y":1.3110936880111695,"z":-1.7573522329330445},"rotation":{"x":-0.12275377660989762,"y":0.06307251751422882,"z":-0.007817372679710389,"w":-0.9904000759124756},"size":1.357884168624878,"orthographic":false}